Grasas_sat,Alcohol,Calor√≠as,Sexo,
14.60,0.03,910,F,
11.82,0.05,"1,026",F,
16.98,0.14,"1,033",F,
14.04,0.38,"1,098",F,
15.30,0.38,"1,122",F,
17.26,0.39,"1,149",F,
16.00,0.40,"1,162",F,
20.39,0.51,"1,221",F,
23.45,0.57,"1,233",F,
21.35,0.60,"1,253",F,
14.68,0.60,"1,255",F,
23.66,0.63,"1,280",F,
20.72,0.77,"1,286",F,
24.51,0.78,"1,293",F,
19.79,0.79,"1,299",F,
18.94,0.80,"1,302",F,
18.83,0.83,"1,325",F,
19.73,0.00,"1,369",F,
22.32,0.85,"1,376",F,
16.61,0.90,"1,388",F,
17.73,0.95,"1,388",F,
36.31,999.99,"1,000",F,
38.68,0.96,"1,200",F,
33.26,1.14,900,F,
41.01,999.99,800,F,
14.38,1.27,923,M,
12.71,1.39,940,M,
18.00,1.43,963,M,
17.64,1.58,"1,106",M,
21.41,1.76,"1,200",M,
16.04,0.00,"1,183",M,
14.42,1.76,"1,216",M,
18.57,1.84,"1,226",M,
15.94,1.89,"1,311",M,
21.39,1.89,"1,320",M,
19.03,1.99,"1,321",M,
17.74,2.17,"1,330",M,
20.71,2.18,"1,332",M,
18.63,2.20,"1,340",M,
21.98,2.22,"1,362",M,
25.69,2.25,"1,363",M,
23.34,0.00,"1,371",M,
20.74,0.00,"1,374",M,
23.59,2.26,"1,400",F,
24.38,2.56,"1,402",F,
24.62,2.62,"1,402",F,
21.57,2.69,"1,426",F,
18.12,2.79,"1,428",F,
21.56,2.93,"1,438",F,
25.11,2.98,"1,445",F,
24.09,3.00,"1,454",F,
27.99,3.11,"1,456",F,
20.20,3.35,"1,467",F,
26.26,3.44,"1,484",F,
17.48,3.45,"1,485",F,
21.58,3.70,"1,491",F,
21.04,0.00,"1,501",F,
21.79,3.77,"1,502",F,
19.81,3.82,"1,518",F,
21.34,4.17,"1,524",F,
25.47,0.00,"1,548",F,
16.73,0.00,"1,555",F,
15.99,4.21,"1,561",F,
20.07,4.40,"1,568",F,
26.98,4.49,"1,583",F,
23.98,4.57,"1,585",F,
30.98,4.60,"1,588",F,
22.16,4.60,"1,591",F,
21.76,4.67,"1,593",F,
23.49,4.75,"1,606",F,
18.64,4.75,"1,608",F,
18.75,4.88,"1,612",F,
20.46,5.04,"1,619",F,
20.39,5.17,"1,634",F,
34.34,5.20,"1,639",F,
28.72,0.00,"1,641",F,
15.39,5.23,"1,649",F,
22.51,5.37,"1,649",F,
21.90,5.39,"1,661",F,
26.40,5.84,"1,670",F,
32.86,0.00,"1,682",F,
25.97,5.97,"1,683",F,
26.83,5.97,"1,689",F,
23.17,6.60,"1,700",F,
26.24,6.68,"1,500",F,
35.36,6.77,"1,450",F,
18.59,6.92,"1,700",M,
17.73,6.97,"1,418",M,
20.06,6.99,"1,433",M,
22.02,7.12,"1,440",M,
18.79,7.18,"1,450",M,
23.48,7.28,"1,450",M,
23.65,7.31,"1,457",M,
24.78,0.00,"1,470",M,
26.76,7.75,"1,472",M,
15.18,7.79,"1,481",M,
29.57,7.82,"1,490",M,
17.92,7.85,"1,514",M,
24.61,8.09,"1,529",M,
18.33,8.10,"1,533",M,
25.28,8.15,"1,535",M,
23.43,8.18,"1,555",M,
16.93,8.22,"1,557",M,
21.95,8.26,"1,560",M,
24.83,8.31,"1,562",M,
23.42,8.49,"1,582",M,
24.10,8.65,"1,587",M,
20.87,0.00,"1,609",M,
29.59,8.75,"1,612",M,
25.25,9.43,"1,616",M,
16.74,9.49,"1,620",M,
23.62,9.69,"1,626",M,
29.17,0.00,"1,636",M,
24.37,9.92,"1,669",M,
26.48,10.04,"1,679",M,
30.01,10.12,"1,680",M,
26.46,10.35,"1,685",M,
29.60,10.41,"1,691",M,
28.04,10.86,"1,699",M,
25.62,0.00,"1,702",F,
26.40,11.13,"1,704",F,
29.06,11.15,"1,707",F,
25.85,11.16,"1,721",F,
27.83,12.03,"1,731",F,
28.65,12.18,"1,742",F,
24.16,12.48,"1,757",F,
31.35,12.95,"1,767",F,
22.61,12.97,"1,769",F,
28.33,13.11,"1,769",F,
30.92,13.62,"1,779",F,
33.20,13.79,"1,807",F,
26.25,13.91,"1,815",F,
27.39,14.23,"1,820",F,
28.02,15.12,"1,827",F,
23.79,15.41,"1,870",F,
28.34,15.60,"1,878",F,
28.26,15.69,"1,884",F,
34.04,0.00,"1,885",F,
38.73,15.72,"1,889",F,
28.63,16.51,"1,947",F,
33.25,16.61,"1,968",F,
34.25,17.22,"1,973",F,
36.19,17.27,"1,976",F,
31.41,17.76,"1,989",F,
27.74,17.90,"1,994",F,
31.35,18.69,"2,013",F,
26.58,19.38,"1,718",M,
22.42,20.13,"1,731",M,
27.51,20.50,"1,732",M,
25.17,20.69,"1,761",M,
27.59,21.78,"1,761",M,
32.19,22.31,"1,781",M,
25.10,0.00,"1,788",M,
32.03,22.44,"1,810",M,
27.15,22.66,"1,823",M,
23.56,22.89,"1,936",M,
26.40,23.44,"1,940",M,
36.44,23.97,"2,010",M,
27.92,25.74,"2,029",M,
27.50,27.26,"2,038",M,
31.20,27.55,"2,050",M,
34.16,27.86,"2,051",M,
27.08,999.99,"2,054",M,
39.43,28.28,"2,085",M,
34.61,28.29,"2,087",M,
29.35,28.79,"2,096",M,
26.46,29.81,"2,143",M,
45.31,31.26,"2,260",M,
46.36,32.64,"2,285",M,
39.30,32.72,"2,300",M,
34.14,37.28,"2,333",M,
999.99,37.90,"2,334",M,
40.59,40.11,"2,376",M,